year,popd_q,hhinc_q
1.170337614110159,3.2686382093825097,-0.03463555878590463
0.843144733330236,3.2686382093825097,-0.03463555878590463
0.9841046236728558,3.2686382093825097,-0.03463555878590463
0.6330820257329238,3.2686382093825097,-0.03463555878590463
0.863335009414489,3.2686382093825097,-0.03463555878590463
0.4259175361971459,3.2686382093825097,-0.03463555878590463
0.7504274148570244,3.2686382093825097,-0.03463555878590463
0.15358279567415659,3.2686382093825097,-0.03463555878590463
-0.4873865628030697,3.2686382093825097,-0.03463555878590463
-0.2823045417422029,3.2686382093825097,-0.03463555878590463
-0.6220464839840093,3.2686382093825097,-0.03463555878590463
-0.6141797563234362,3.2686382093825097,-0.03463555878590463
-1.0314394560909235,3.2686382093825097,-0.03463555878590463
-1.1524653961968272,3.2686382093825097,-0.03463555878590463
-1.3647839655602365,3.2686382093825097,-0.03463555878590463
-1.7210835453236129,3.2686382093825097,-0.03463555878590463
-1.125642850343643,3.2686382093825097,-0.03463555878590463
-0.9841487013589425,3.2686382093825097,-0.03463555878590463
1.170337614110159,-2.064405414243441,0.47560449339121713
0.843144733330236,-2.064405414243441,0.47560449339121713
0.9841046236728558,-2.064405414243441,0.47560449339121713
0.6330820257329238,-2.064405414243441,0.47560449339121713
0.863335009414489,-2.064405414243441,0.47560449339121713
0.4259175361971459,-2.064405414243441,0.47560449339121713
0.7504274148570244,-2.064405414243441,0.47560449339121713
0.15358279567415659,-2.064405414243441,0.47560449339121713
-0.4873865628030697,-2.064405414243441,0.47560449339121713
-0.2823045417422029,-2.064405414243441,0.47560449339121713
-0.6220464839840093,-2.064405414243441,0.47560449339121713
-0.6141797563234362,-2.064405414243441,0.47560449339121713
-1.0314394560909235,-2.064405414243441,0.47560449339121713
-1.1524653961968272,-2.064405414243441,0.47560449339121713
-1.3647839655602365,-2.064405414243441,0.47560449339121713
-1.7210835453236129,-2.064405414243441,0.47560449339121713
-1.125642850343643,-2.064405414243441,0.47560449339121713
-0.9841487013589425,-2.064405414243441,0.47560449339121713
1.7591951126812841,-2.064405414243441,-0.9355081913004827
1.170337614110159,-2.064405414243441,-0.9355081913004827
0.843144733330236,-2.064405414243441,-0.9355081913004827
0.9841046236728558,-2.064405414243441,-0.9355081913004827
0.6330820257329238,-2.064405414243441,-0.9355081913004827
0.863335009414489,-2.064405414243441,-0.9355081913004827
0.4259175361971459,-2.064405414243441,-0.9355081913004827
0.7504274148570244,-2.064405414243441,-0.9355081913004827
0.15358279567415659,-2.064405414243441,-0.9355081913004827
-0.4873865628030697,-2.064405414243441,-0.9355081913004827
-0.2823045417422029,-2.064405414243441,-0.9355081913004827
-0.6220464839840093,-2.064405414243441,-0.9355081913004827
-0.6141797563234362,-2.064405414243441,-0.9355081913004827
-1.0314394560909235,-2.064405414243441,-0.9355081913004827
-1.1524653961968272,-2.064405414243441,-0.9355081913004827
-1.3647839655602365,-2.064405414243441,-0.9355081913004827
-1.7210835453236129,-2.064405414243441,-0.9355081913004827
-1.125642850343643,-2.064405414243441,-0.9355081913004827
-0.9841487013589425,-2.064405414243441,-0.9355081913004827
1.170337614110159,-2.064405414243441,0.6532998399206803
0.843144733330236,-2.064405414243441,0.6532998399206803
0.9841046236728558,-2.064405414243441,0.6532998399206803
0.6330820257329238,-2.064405414243441,0.6532998399206803
0.863335009414489,-2.064405414243441,0.6532998399206803
0.4259175361971459,-2.064405414243441,0.6532998399206803
0.7504274148570244,-2.064405414243441,0.6532998399206803
0.15358279567415659,-2.064405414243441,0.6532998399206803
-0.4873865628030697,-2.064405414243441,0.6532998399206803
-0.2823045417422029,-2.064405414243441,0.6532998399206803
-0.6220464839840093,-2.064405414243441,0.6532998399206803
-0.6141797563234362,-2.064405414243441,0.6532998399206803
-1.0314394560909235,-2.064405414243441,0.6532998399206803
-1.1524653961968272,-2.064405414243441,0.6532998399206803
-1.3647839655602365,-2.064405414243441,0.6532998399206803
-1.7210835453236129,-2.064405414243441,0.6532998399206803
-1.125642850343643,-2.064405414243441,0.6532998399206803
-0.9841487013589425,-2.064405414243441,0.6532998399206803
1.7591951126812841,-2.064405414243441,-0.005187004116099955
1.170337614110159,-2.064405414243441,-0.005187004116099955
0.843144733330236,-2.064405414243441,-0.005187004116099955
0.9841046236728558,-2.064405414243441,-0.005187004116099955
0.6330820257329238,-2.064405414243441,-0.005187004116099955
0.863335009414489,-2.064405414243441,-0.005187004116099955
0.4259175361971459,-2.064405414243441,-0.005187004116099955
0.7504274148570244,-2.064405414243441,-0.005187004116099955
0.15358279567415659,-2.064405414243441,-0.005187004116099955
-0.4873865628030697,-2.064405414243441,-0.005187004116099955
-0.2823045417422029,-2.064405414243441,-0.005187004116099955
-0.6220464839840093,-2.064405414243441,-0.005187004116099955
-0.6141797563234362,-2.064405414243441,-0.005187004116099955
-1.0314394560909235,-2.064405414243441,-0.005187004116099955
-1.1524653961968272,-2.064405414243441,-0.005187004116099955
-1.3647839655602365,-2.064405414243441,-0.005187004116099955
-1.7210835453236129,-2.064405414243441,-0.005187004116099955
-1.125642850343643,-2.064405414243441,-0.005187004116099955
-0.9841487013589425,-2.064405414243441,-0.005187004116099955
0.843144733330236,1.329170956461376,0.4386812773835415
0.9841046236728558,1.329170956461376,0.4386812773835415
0.6330820257329238,1.329170956461376,0.4386812773835415
0.863335009414489,1.329170956461376,0.4386812773835415
0.4259175361971459,1.329170956461376,0.4386812773835415
0.7504274148570244,1.329170956461376,0.4386812773835415
0.15358279567415659,1.329170956461376,0.4386812773835415
-0.4873865628030697,1.329170956461376,0.4386812773835415
-0.2823045417422029,1.329170956461376,0.4386812773835415
-0.6220464839840093,1.329170956461376,0.4386812773835415
-0.6141797563234362,1.329170956461376,0.4386812773835415
-1.0314394560909235,1.329170956461376,0.4386812773835415
-1.1524653961968272,1.329170956461376,0.4386812773835415
-1.3647839655602365,1.329170956461376,0.4386812773835415
-1.7210835453236129,1.329170956461376,0.4386812773835415
-1.125642850343643,1.329170956461376,0.4386812773835415
-0.9841487013589425,1.329170956461376,0.4386812773835415
1.7591951126812841,3.2367864554880192,-1.963881610084592
1.170337614110159,3.2367864554880192,-1.963881610084592
0.843144733330236,3.2367864554880192,-1.963881610084592
0.9841046236728558,3.2367864554880192,-1.963881610084592
0.6330820257329238,3.2367864554880192,-1.963881610084592
0.863335009414489,3.2367864554880192,-1.963881610084592
0.4259175361971459,3.2367864554880192,-1.963881610084592
0.7504274148570244,3.2367864554880192,-1.963881610084592
0.15358279567415659,3.2367864554880192,-1.963881610084592
-0.4873865628030697,3.2367864554880192,-1.963881610084592
-0.2823045417422029,3.2367864554880192,-1.963881610084592
-0.6220464839840093,3.2367864554880192,-1.963881610084592
-0.6141797563234362,3.2367864554880192,-1.963881610084592
-1.0314394560909235,3.2367864554880192,-1.963881610084592
-1.1524653961968272,3.2367864554880192,-1.963881610084592
-1.3647839655602365,3.2367864554880192,-1.963881610084592
-1.7210835453236129,3.2367864554880192,-1.963881610084592
-1.125642850343643,3.2367864554880192,-1.963881610084592
-0.9841487013589425,3.2367864554880192,-1.963881610084592
1.7591951126812841,-0.3022319417085016,0.6532998399206803
1.170337614110159,-0.3022319417085016,0.6532998399206803
0.843144733330236,-0.3022319417085016,0.6532998399206803
0.9841046236728558,-0.3022319417085016,0.6532998399206803
0.6330820257329238,-0.3022319417085016,0.6532998399206803
0.863335009414489,-0.3022319417085016,0.6532998399206803
0.4259175361971459,-0.3022319417085016,0.6532998399206803
0.7504274148570244,-0.3022319417085016,0.6532998399206803
0.15358279567415659,-0.3022319417085016,0.6532998399206803
-0.4873865628030697,-0.3022319417085016,0.6532998399206803
-0.2823045417422029,-0.3022319417085016,0.6532998399206803
-0.6220464839840093,-0.3022319417085016,0.6532998399206803
-0.6141797563234362,-0.3022319417085016,0.6532998399206803
-1.0314394560909235,-0.3022319417085016,0.6532998399206803
-1.1524653961968272,-0.3022319417085016,0.6532998399206803
-1.3647839655602365,-0.3022319417085016,0.6532998399206803
-1.7210835453236129,-0.3022319417085016,0.6532998399206803
-1.125642850343643,-0.3022319417085016,0.6532998399206803
-0.9841487013589425,-0.3022319417085016,0.6532998399206803
1.7591951126812841,1.217383795603329,-0.005187004116099955
1.170337614110159,1.217383795603329,-0.005187004116099955
0.843144733330236,1.217383795603329,-0.005187004116099955
0.9841046236728558,1.217383795603329,-0.005187004116099955
0.6330820257329238,1.217383795603329,-0.005187004116099955
0.4259175361971459,1.217383795603329,-0.005187004116099955
0.7504274148570244,1.217383795603329,-0.005187004116099955
0.15358279567415659,1.217383795603329,-0.005187004116099955
-0.4873865628030697,1.217383795603329,-0.005187004116099955
-0.2823045417422029,1.217383795603329,-0.005187004116099955
-0.6220464839840093,1.217383795603329,-0.005187004116099955
-0.6141797563234362,1.217383795603329,-0.005187004116099955
-1.0314394560909235,1.217383795603329,-0.005187004116099955
-1.1524653961968272,1.217383795603329,-0.005187004116099955
-1.3647839655602365,1.217383795603329,-0.005187004116099955
-1.7210835453236129,1.217383795603329,-0.005187004116099955
-1.125642850343643,1.217383795603329,-0.005187004116099955
-0.9841487013589425,1.217383795603329,-0.005187004116099955
1.7591951126812841,-2.1486973570409034,0.4386812773835415
1.170337614110159,-2.1486973570409034,0.4386812773835415
0.843144733330236,-2.1486973570409034,0.4386812773835415
0.9841046236728558,-2.1486973570409034,0.4386812773835415
0.6330820257329238,-2.1486973570409034,0.4386812773835415
0.863335009414489,-2.1486973570409034,0.4386812773835415
0.4259175361971459,-2.1486973570409034,0.4386812773835415
0.7504274148570244,-2.1486973570409034,0.4386812773835415
0.15358279567415659,-2.1486973570409034,0.4386812773835415
-0.4873865628030697,-2.1486973570409034,0.4386812773835415
-0.2823045417422029,-2.1486973570409034,0.4386812773835415
-0.6220464839840093,-2.1486973570409034,0.4386812773835415
-0.6141797563234362,-2.1486973570409034,0.4386812773835415
-1.0314394560909235,-2.1486973570409034,0.4386812773835415
-1.1524653961968272,-2.1486973570409034,0.4386812773835415
-1.3647839655602365,-2.1486973570409034,0.4386812773835415
-1.7210835453236129,-2.1486973570409034,0.4386812773835415
-1.125642850343643,-2.1486973570409034,0.4386812773835415
-0.9841487013589425,-2.1486973570409034,0.4386812773835415
0.843144733330236,-2.064405414243441,-1.963881610084592
0.9841046236728558,-2.064405414243441,-1.963881610084592
0.6330820257329238,-2.064405414243441,-1.963881610084592
0.4259175361971459,-2.064405414243441,-1.963881610084592
1.7591951126812841,-0.3022319417085016,-1.963881610084592
1.170337614110159,-0.3022319417085016,-1.963881610084592
0.843144733330236,-0.3022319417085016,-1.963881610084592
0.9841046236728558,-0.3022319417085016,-1.963881610084592
0.863335009414489,-0.3022319417085016,-1.963881610084592
0.4259175361971459,-0.3022319417085016,-1.963881610084592
0.7504274148570244,-0.3022319417085016,-1.963881610084592
0.15358279567415659,-0.3022319417085016,-1.963881610084592
-0.4873865628030697,-0.3022319417085016,-1.963881610084592
-0.2823045417422029,-0.3022319417085016,-1.963881610084592
-0.6220464839840093,-0.3022319417085016,-1.963881610084592
-0.6141797563234362,-0.3022319417085016,-1.963881610084592
-1.0314394560909235,-0.3022319417085016,-1.963881610084592
-1.1524653961968272,-0.3022319417085016,-1.963881610084592
-1.3647839655602365,-0.3022319417085016,-1.963881610084592
-1.7210835453236129,-0.3022319417085016,-1.963881610084592
-1.125642850343643,-0.3022319417085016,-1.963881610084592
-0.9841487013589425,-0.3022319417085016,-1.963881610084592
1.7591951126812841,-2.064405414243441,-0.7766751644402009
1.170337614110159,-2.064405414243441,-0.7766751644402009
0.843144733330236,-2.064405414243441,-0.7766751644402009
0.9841046236728558,-2.064405414243441,-0.7766751644402009
0.6330820257329238,-2.064405414243441,-0.7766751644402009
0.863335009414489,-2.064405414243441,-0.7766751644402009
0.4259175361971459,-2.064405414243441,-0.7766751644402009
0.7504274148570244,-2.064405414243441,-0.7766751644402009
0.15358279567415659,-2.064405414243441,-0.7766751644402009
-0.4873865628030697,-2.064405414243441,-0.7766751644402009
-0.2823045417422029,-2.064405414243441,-0.7766751644402009
-0.6220464839840093,-2.064405414243441,-0.7766751644402009
-0.6141797563234362,-2.064405414243441,-0.7766751644402009
-1.0314394560909235,-2.064405414243441,-0.7766751644402009
-1.1524653961968272,-2.064405414243441,-0.7766751644402009
-1.3647839655602365,-2.064405414243441,-0.7766751644402009
-1.7210835453236129,-2.064405414243441,-0.7766751644402009
-1.125642850343643,-2.064405414243441,-0.7766751644402009
-0.9841487013589425,-2.064405414243441,-0.7766751644402009
0.6330820257329238,-2.064405414243441,0.6532998399206803
0.863335009414489,-2.064405414243441,0.6532998399206803
0.4259175361971459,-2.064405414243441,0.6532998399206803
0.7504274148570244,-2.064405414243441,0.6532998399206803
0.15358279567415659,-2.064405414243441,0.6532998399206803
-0.4873865628030697,-2.064405414243441,0.6532998399206803
-0.2823045417422029,-2.064405414243441,0.6532998399206803
-1.3647839655602365,-2.064405414243441,0.6532998399206803
-1.7210835453236129,-2.064405414243441,0.6532998399206803
-1.125642850343643,-2.064405414243441,0.6532998399206803
-0.9841487013589425,-2.064405414243441,0.6532998399206803
1.7591951126812841,3.2686382093825097,-0.7766751644402009
1.170337614110159,3.2686382093825097,-0.7766751644402009
0.843144733330236,3.2686382093825097,-0.7766751644402009
0.9841046236728558,3.2686382093825097,-0.7766751644402009
0.9841046236728558,-1.684699017120388,0.6532998399206803
0.6330820257329238,-1.684699017120388,0.6532998399206803
0.863335009414489,-1.684699017120388,0.6532998399206803
0.4259175361971459,-1.684699017120388,0.6532998399206803
0.7504274148570244,-1.684699017120388,0.6532998399206803
0.15358279567415659,-1.684699017120388,0.6532998399206803
-0.4873865628030697,-1.684699017120388,0.6532998399206803
-0.2823045417422029,-1.684699017120388,0.6532998399206803
1.7591951126812841,3.2367864554880192,-0.9355081913004827
1.170337614110159,3.2367864554880192,-0.9355081913004827
0.843144733330236,3.2367864554880192,-0.9355081913004827
0.9841046236728558,3.2367864554880192,-0.9355081913004827
0.6330820257329238,3.2367864554880192,-0.9355081913004827
0.863335009414489,3.2367864554880192,-0.9355081913004827
0.4259175361971459,3.2367864554880192,-0.9355081913004827
0.7504274148570244,3.2367864554880192,-0.9355081913004827
0.15358279567415659,3.2367864554880192,-0.9355081913004827
-0.4873865628030697,3.2367864554880192,-0.9355081913004827
-0.2823045417422029,3.2367864554880192,-0.9355081913004827
-0.6220464839840093,3.2367864554880192,-0.9355081913004827
-0.6141797563234362,3.2367864554880192,-0.9355081913004827
-1.0314394560909235,3.2367864554880192,-0.9355081913004827
-1.1524653961968272,3.2367864554880192,-0.9355081913004827
-1.3647839655602365,3.2367864554880192,-0.9355081913004827
-1.7210835453236129,3.2367864554880192,-0.9355081913004827
-1.125642850343643,3.2367864554880192,-0.9355081913004827
-0.9841487013589425,3.2367864554880192,-0.9355081913004827
1.170337614110159,-0.3022319417085016,-0.005187004116099955
0.843144733330236,-0.3022319417085016,-0.005187004116099955
0.9841046236728558,-0.3022319417085016,-0.005187004116099955
0.6330820257329238,-0.3022319417085016,-0.005187004116099955
0.863335009414489,-0.3022319417085016,-0.005187004116099955
-0.6220464839840093,-0.3022319417085016,-0.005187004116099955
-0.6141797563234362,-0.3022319417085016,-0.005187004116099955
-1.0314394560909235,-0.3022319417085016,-0.005187004116099955
-1.1524653961968272,-0.3022319417085016,-0.005187004116099955
1.7591951126812841,-2.064405414243441,0.6532998399206803
1.170337614110159,-2.064405414243441,0.6532998399206803
0.843144733330236,-2.064405414243441,0.6532998399206803
0.9841046236728558,-2.064405414243441,0.6532998399206803
0.6330820257329238,-2.064405414243441,0.6532998399206803
0.863335009414489,-2.064405414243441,0.6532998399206803
0.4259175361971459,-2.064405414243441,0.6532998399206803
0.7504274148570244,-2.064405414243441,0.6532998399206803
0.15358279567415659,-2.064405414243441,0.6532998399206803
-0.4873865628030697,-2.064405414243441,0.6532998399206803
-0.2823045417422029,-2.064405414243441,0.6532998399206803
-0.6220464839840093,-2.064405414243441,0.6532998399206803
-0.6141797563234362,-2.064405414243441,0.6532998399206803
-1.0314394560909235,-2.064405414243441,0.6532998399206803
-1.1524653961968272,-2.064405414243441,0.6532998399206803
-1.3647839655602365,-2.064405414243441,0.6532998399206803
-1.7210835453236129,-2.064405414243441,0.6532998399206803
-1.125642850343643,-2.064405414243441,0.6532998399206803
-0.9841487013589425,-2.064405414243441,0.6532998399206803
0.9841046236728558,-1.684699017120388,-0.7766751644402009
0.6330820257329238,-1.684699017120388,-0.7766751644402009
0.863335009414489,-1.684699017120388,-0.7766751644402009
0.4259175361971459,-1.684699017120388,-0.7766751644402009
0.7504274148570244,-1.684699017120388,-0.7766751644402009
1.7591951126812841,1.217383795603329,0.4386812773835415
1.170337614110159,1.217383795603329,0.4386812773835415
0.843144733330236,1.217383795603329,0.4386812773835415
0.9841046236728558,1.217383795603329,0.4386812773835415
0.6330820257329238,1.217383795603329,0.4386812773835415
0.863335009414489,1.217383795603329,0.4386812773835415
0.4259175361971459,1.217383795603329,0.4386812773835415
0.7504274148570244,1.217383795603329,0.4386812773835415
0.15358279567415659,1.217383795603329,0.4386812773835415
-0.4873865628030697,1.217383795603329,0.4386812773835415
1.7591951126812841,-1.684699017120388,0.6532998399206803
1.170337614110159,-1.684699017120388,0.6532998399206803
0.843144733330236,-1.684699017120388,0.6532998399206803
0.9841046236728558,-1.684699017120388,0.6532998399206803
0.6330820257329238,-1.684699017120388,0.6532998399206803
0.863335009414489,-1.684699017120388,0.6532998399206803
0.4259175361971459,-1.684699017120388,0.6532998399206803
0.7504274148570244,-1.684699017120388,0.6532998399206803
0.15358279567415659,-1.684699017120388,0.6532998399206803
-0.4873865628030697,-1.684699017120388,0.6532998399206803
-0.2823045417422029,-1.684699017120388,0.6532998399206803
-0.6220464839840093,-1.684699017120388,0.6532998399206803
-0.6141797563234362,-1.684699017120388,0.6532998399206803
-1.0314394560909235,-1.684699017120388,0.6532998399206803
-1.1524653961968272,-1.684699017120388,0.6532998399206803
-1.3647839655602365,-1.684699017120388,0.6532998399206803
-1.7210835453236129,-1.684699017120388,0.6532998399206803
-1.125642850343643,-1.684699017120388,0.6532998399206803
-0.9841487013589425,-1.684699017120388,0.6532998399206803
0.9841046236728558,-2.1486973570409034,0.6532998399206803
0.6330820257329238,-2.1486973570409034,0.6532998399206803
0.863335009414489,-2.1486973570409034,0.6532998399206803
0.4259175361971459,-2.1486973570409034,0.6532998399206803
0.7504274148570244,-2.1486973570409034,0.6532998399206803
0.15358279567415659,-2.1486973570409034,0.6532998399206803
-0.4873865628030697,-2.1486973570409034,0.6532998399206803
-0.2823045417422029,-2.1486973570409034,0.6532998399206803
-0.6220464839840093,-2.1486973570409034,0.6532998399206803
-0.6141797563234362,-2.1486973570409034,0.6532998399206803
-1.0314394560909235,-2.1486973570409034,0.6532998399206803
-1.1524653961968272,-2.1486973570409034,0.6532998399206803
-1.3647839655602365,-2.1486973570409034,0.6532998399206803
-1.7210835453236129,-2.1486973570409034,0.6532998399206803
-0.9841487013589425,-2.1486973570409034,0.6532998399206803
1.7591951126812841,-2.1486973570409034,0.4386812773835415
1.170337614110159,-2.1486973570409034,0.4386812773835415
0.843144733330236,-2.1486973570409034,0.4386812773835415
0.9841046236728558,-2.1486973570409034,0.4386812773835415
0.6330820257329238,-2.1486973570409034,0.4386812773835415
0.863335009414489,-2.1486973570409034,0.4386812773835415
0.4259175361971459,-2.1486973570409034,0.4386812773835415
0.7504274148570244,-2.1486973570409034,0.4386812773835415
0.15358279567415659,-2.1486973570409034,0.4386812773835415
-0.4873865628030697,-2.1486973570409034,0.4386812773835415
-0.2823045417422029,-2.1486973570409034,0.4386812773835415
-0.6220464839840093,-2.1486973570409034,0.4386812773835415
-0.6141797563234362,-2.1486973570409034,0.4386812773835415
-1.0314394560909235,-2.1486973570409034,0.4386812773835415
-1.1524653961968272,-2.1486973570409034,0.4386812773835415
-1.3647839655602365,-2.1486973570409034,0.4386812773835415
-1.7210835453236129,-2.1486973570409034,0.4386812773835415
-1.125642850343643,-2.1486973570409034,0.4386812773835415
-0.9841487013589425,-2.1486973570409034,0.4386812773835415
1.7591951126812841,-2.1486973570409034,0.47560449339121713
1.170337614110159,-2.1486973570409034,0.47560449339121713
0.843144733330236,-2.1486973570409034,0.47560449339121713
0.9841046236728558,-2.1486973570409034,0.47560449339121713
0.6330820257329238,-2.1486973570409034,0.47560449339121713
0.863335009414489,-2.1486973570409034,0.47560449339121713
0.4259175361971459,-2.1486973570409034,0.47560449339121713
0.7504274148570244,-2.1486973570409034,0.47560449339121713
0.15358279567415659,-2.1486973570409034,0.47560449339121713
-0.4873865628030697,-2.1486973570409034,0.47560449339121713
-0.2823045417422029,-2.1486973570409034,0.47560449339121713
-0.6220464839840093,-2.1486973570409034,0.47560449339121713
-0.6141797563234362,-2.1486973570409034,0.47560449339121713
-1.0314394560909235,-2.1486973570409034,0.47560449339121713
-1.1524653961968272,-2.1486973570409034,0.47560449339121713
-1.3647839655602365,-2.1486973570409034,0.47560449339121713
-1.7210835453236129,-2.1486973570409034,0.47560449339121713
-1.125642850343643,-2.1486973570409034,0.47560449339121713
-0.9841487013589425,-2.1486973570409034,0.47560449339121713
1.7591951126812841,-2.1486973570409034,-0.7766751644402009
1.170337614110159,-2.1486973570409034,-0.7766751644402009
0.843144733330236,-2.1486973570409034,-0.7766751644402009
0.6330820257329238,-1.684699017120388,-0.005187004116099955
0.863335009414489,-1.684699017120388,-0.005187004116099955
0.4259175361971459,-1.684699017120388,-0.005187004116099955
0.7504274148570244,-1.684699017120388,-0.005187004116099955
1.170337614110159,-2.1486973570409034,-0.6106573443586001
0.843144733330236,-2.1486973570409034,-0.6106573443586001
0.9841046236728558,-2.1486973570409034,-0.6106573443586001
0.6330820257329238,-2.1486973570409034,-0.6106573443586001
0.863335009414489,-2.1486973570409034,-0.6106573443586001
0.4259175361971459,-2.1486973570409034,-0.6106573443586001
0.7504274148570244,-2.1486973570409034,-0.6106573443586001
0.15358279567415659,-2.1486973570409034,-0.6106573443586001
-0.4873865628030697,-2.1486973570409034,-0.6106573443586001
-0.2823045417422029,-2.1486973570409034,-0.6106573443586001
-0.6220464839840093,-2.1486973570409034,-0.6106573443586001
-0.6141797563234362,-2.1486973570409034,-0.6106573443586001
-1.0314394560909235,-2.1486973570409034,-0.6106573443586001
-1.1524653961968272,-2.1486973570409034,-0.6106573443586001
-1.3647839655602365,-2.1486973570409034,-0.6106573443586001
-1.7210835453236129,-2.1486973570409034,-0.6106573443586001
-1.125642850343643,-2.1486973570409034,-0.6106573443586001
-0.9841487013589425,-2.1486973570409034,-0.6106573443586001
0.6330820257329238,-2.1486973570409034,0.695138876917078
0.863335009414489,-2.1486973570409034,0.695138876917078
1.7591951126812841,2.8826093148779086,-0.9355081913004827
1.170337614110159,2.8826093148779086,-0.9355081913004827
0.843144733330236,2.8826093148779086,-0.9355081913004827
0.9841046236728558,2.8826093148779086,-0.9355081913004827
0.6330820257329238,2.8826093148779086,-0.9355081913004827
0.863335009414489,2.8826093148779086,-0.9355081913004827
0.4259175361971459,2.8826093148779086,-0.9355081913004827
0.7504274148570244,2.8826093148779086,-0.9355081913004827
0.15358279567415659,2.8826093148779086,-0.9355081913004827
-0.4873865628030697,2.8826093148779086,-0.9355081913004827
-0.2823045417422029,2.8826093148779086,-0.9355081913004827
-0.6220464839840093,2.8826093148779086,-0.9355081913004827
-0.6141797563234362,2.8826093148779086,-0.9355081913004827
-1.0314394560909235,2.8826093148779086,-0.9355081913004827
-1.1524653961968272,2.8826093148779086,-0.9355081913004827
-1.3647839655602365,2.8826093148779086,-0.9355081913004827
-1.7210835453236129,2.8826093148779086,-0.9355081913004827
-1.125642850343643,2.8826093148779086,-0.9355081913004827
-0.9841487013589425,2.8826093148779086,-0.9355081913004827
1.170337614110159,-2.064405414243441,-0.03463555878590463
0.843144733330236,-2.064405414243441,-0.03463555878590463
0.9841046236728558,-2.064405414243441,-0.03463555878590463
0.6330820257329238,-2.064405414243441,-0.03463555878590463
0.863335009414489,-2.064405414243441,-0.03463555878590463
0.4259175361971459,-2.064405414243441,-0.03463555878590463
0.7504274148570244,-2.064405414243441,-0.03463555878590463
0.15358279567415659,-2.064405414243441,-0.03463555878590463
-0.4873865628030697,-2.064405414243441,-0.03463555878590463
-0.2823045417422029,-2.064405414243441,-0.03463555878590463
-0.6220464839840093,-2.064405414243441,-0.03463555878590463
-0.6141797563234362,-2.064405414243441,-0.03463555878590463
-1.0314394560909235,-2.064405414243441,-0.03463555878590463
-1.1524653961968272,-2.064405414243441,-0.03463555878590463
-1.3647839655602365,-2.064405414243441,-0.03463555878590463
-1.7210835453236129,-2.064405414243441,-0.03463555878590463
-1.125642850343643,-2.064405414243441,-0.03463555878590463
-0.9841487013589425,-2.064405414243441,-0.03463555878590463
1.7591951126812841,1.217383795603329,-1.963881610084592
1.170337614110159,1.217383795603329,-1.963881610084592
0.843144733330236,1.217383795603329,-1.963881610084592
0.9841046236728558,1.217383795603329,-1.963881610084592
0.6330820257329238,1.217383795603329,-1.963881610084592
0.863335009414489,1.217383795603329,-1.963881610084592
0.4259175361971459,1.217383795603329,-1.963881610084592
0.7504274148570244,1.217383795603329,-1.963881610084592
0.15358279567415659,1.217383795603329,-1.963881610084592
1.7591951126812841,-0.3022319417085016,0.4386812773835415
1.170337614110159,-0.3022319417085016,0.4386812773835415
0.843144733330236,-0.3022319417085016,0.4386812773835415
0.9841046236728558,-0.3022319417085016,0.4386812773835415
0.6330820257329238,-0.3022319417085016,0.4386812773835415
0.863335009414489,-0.3022319417085016,0.4386812773835415
0.4259175361971459,-0.3022319417085016,0.4386812773835415
0.7504274148570244,-0.3022319417085016,0.4386812773835415
-0.4873865628030697,-0.3022319417085016,0.4386812773835415
-0.2823045417422029,-0.3022319417085016,0.4386812773835415
-0.6220464839840093,-0.3022319417085016,0.4386812773835415
-0.6141797563234362,-0.3022319417085016,0.4386812773835415
-1.0314394560909235,-0.3022319417085016,0.4386812773835415
-1.1524653961968272,-0.3022319417085016,0.4386812773835415
-1.3647839655602365,-0.3022319417085016,0.4386812773835415
1.170337614110159,-2.1486973570409034,0.695138876917078
0.843144733330236,-2.1486973570409034,0.695138876917078
0.9841046236728558,-2.1486973570409034,0.695138876917078
0.6330820257329238,-2.1486973570409034,0.695138876917078
0.863335009414489,-2.1486973570409034,0.695138876917078
0.4259175361971459,-2.1486973570409034,0.695138876917078
0.7504274148570244,-2.1486973570409034,0.695138876917078
0.15358279567415659,-2.1486973570409034,0.695138876917078
-0.4873865628030697,-2.1486973570409034,0.695138876917078
-0.2823045417422029,-2.1486973570409034,0.695138876917078
-0.6220464839840093,-2.1486973570409034,0.695138876917078
-0.6141797563234362,-2.1486973570409034,0.695138876917078
-1.0314394560909235,-2.1486973570409034,0.695138876917078
-1.1524653961968272,-2.1486973570409034,0.695138876917078
-1.3647839655602365,-2.1486973570409034,0.695138876917078
-1.7210835453236129,-2.1486973570409034,0.695138876917078
-1.125642850343643,-2.1486973570409034,0.695138876917078
-0.9841487013589425,-2.1486973570409034,0.695138876917078
0.843144733330236,-1.684699017120388,0.695138876917078
0.9841046236728558,-1.684699017120388,0.695138876917078
0.6330820257329238,-1.684699017120388,0.695138876917078
0.863335009414489,-1.684699017120388,0.695138876917078
0.4259175361971459,-1.684699017120388,0.695138876917078
0.7504274148570244,-1.684699017120388,0.695138876917078
0.15358279567415659,-1.684699017120388,0.695138876917078
-0.4873865628030697,-1.684699017120388,0.695138876917078
-0.6220464839840093,-1.684699017120388,0.695138876917078
-0.6141797563234362,-1.684699017120388,0.695138876917078
-1.0314394560909235,-1.684699017120388,0.695138876917078
-1.1524653961968272,-1.684699017120388,0.695138876917078
-1.3647839655602365,-1.684699017120388,0.695138876917078
-1.7210835453236129,-1.684699017120388,0.695138876917078
-1.125642850343643,-1.684699017120388,0.695138876917078
-0.9841487013589425,-1.684699017120388,0.695138876917078
0.843144733330236,3.2367864554880192,0.6532998399206803
0.9841046236728558,3.2367864554880192,0.6532998399206803
0.6330820257329238,3.2367864554880192,0.6532998399206803
0.863335009414489,3.2367864554880192,0.6532998399206803
0.4259175361971459,3.2367864554880192,0.6532998399206803
-0.4873865628030697,3.2367864554880192,0.6532998399206803
-0.2823045417422029,3.2367864554880192,0.6532998399206803
-0.6220464839840093,3.2367864554880192,0.6532998399206803
-0.6141797563234362,3.2367864554880192,0.6532998399206803
-1.0314394560909235,3.2367864554880192,0.6532998399206803
-1.1524653961968272,3.2367864554880192,0.6532998399206803
-1.3647839655602365,3.2367864554880192,0.6532998399206803
-1.7210835453236129,3.2367864554880192,0.6532998399206803
-1.125642850343643,3.2367864554880192,0.6532998399206803
-0.9841487013589425,3.2367864554880192,0.6532998399206803
1.170337614110159,1.329170956461376,0.47560449339121713
0.843144733330236,1.329170956461376,0.47560449339121713
0.9841046236728558,1.329170956461376,0.47560449339121713
0.6330820257329238,1.329170956461376,0.47560449339121713
0.863335009414489,1.329170956461376,0.47560449339121713
0.4259175361971459,1.329170956461376,0.47560449339121713
0.7504274148570244,1.329170956461376,0.47560449339121713
0.15358279567415659,1.329170956461376,0.47560449339121713
-0.4873865628030697,1.329170956461376,0.47560449339121713
-0.2823045417422029,1.329170956461376,0.47560449339121713
-0.6220464839840093,1.329170956461376,0.47560449339121713
-0.6141797563234362,1.329170956461376,0.47560449339121713
-1.0314394560909235,1.329170956461376,0.47560449339121713
-1.1524653961968272,1.329170956461376,0.47560449339121713
1.7591951126812841,-0.3022319417085016,0.695138876917078
1.170337614110159,-0.3022319417085016,0.695138876917078
0.843144733330236,-0.3022319417085016,0.695138876917078
0.9841046236728558,-0.3022319417085016,0.695138876917078
0.6330820257329238,-0.3022319417085016,0.695138876917078
0.863335009414489,-0.3022319417085016,0.695138876917078
0.4259175361971459,-0.3022319417085016,0.695138876917078
0.7504274148570244,-0.3022319417085016,0.695138876917078
0.15358279567415659,-0.3022319417085016,0.695138876917078
-0.4873865628030697,-0.3022319417085016,0.695138876917078
-0.2823045417422029,-0.3022319417085016,0.695138876917078
0.843144733330236,-2.1486973570409034,-0.9355081913004827
0.9841046236728558,-2.1486973570409034,-0.9355081913004827
0.6330820257329238,-2.1486973570409034,-0.9355081913004827
0.863335009414489,-2.1486973570409034,-0.9355081913004827
0.4259175361971459,-2.1486973570409034,-0.9355081913004827
1.170337614110159,-0.3022319417085016,0.6532998399206803
0.843144733330236,-0.3022319417085016,0.6532998399206803
0.9841046236728558,-0.3022319417085016,0.6532998399206803
0.6330820257329238,-0.3022319417085016,0.6532998399206803
0.863335009414489,-0.3022319417085016,0.6532998399206803
0.4259175361971459,-0.3022319417085016,0.6532998399206803
0.7504274148570244,-0.3022319417085016,0.6532998399206803
0.15358279567415659,-0.3022319417085016,0.6532998399206803
-0.4873865628030697,-0.3022319417085016,0.6532998399206803
-0.2823045417422029,-0.3022319417085016,0.6532998399206803
1.7591951126812841,1.329170956461376,-0.6106573443586001
1.170337614110159,1.329170956461376,-0.6106573443586001
0.843144733330236,1.329170956461376,-0.6106573443586001
0.9841046236728558,1.329170956461376,-0.6106573443586001
0.6330820257329238,1.329170956461376,-0.6106573443586001
1.7591951126812841,3.2686382093825097,-0.005187004116099955
1.170337614110159,3.2686382093825097,-0.005187004116099955
0.843144733330236,3.2686382093825097,-0.005187004116099955
0.9841046236728558,3.2686382093825097,-0.005187004116099955
0.6330820257329238,3.2686382093825097,-0.005187004116099955
1.170337614110159,3.2686382093825097,0.695138876917078
0.843144733330236,3.2686382093825097,0.695138876917078
0.9841046236728558,3.2686382093825097,0.695138876917078
0.6330820257329238,3.2686382093825097,0.695138876917078
0.863335009414489,3.2686382093825097,0.695138876917078
0.4259175361971459,3.2686382093825097,0.695138876917078
0.7504274148570244,3.2686382093825097,0.695138876917078
1.7591951126812841,1.329170956461376,-0.7766751644402009
1.170337614110159,1.329170956461376,-0.7766751644402009
0.843144733330236,1.329170956461376,-0.7766751644402009
0.9841046236728558,1.329170956461376,-0.7766751644402009
0.6330820257329238,1.329170956461376,-0.7766751644402009
0.863335009414489,1.329170956461376,-0.7766751644402009
0.4259175361971459,1.329170956461376,-0.7766751644402009
0.7504274148570244,1.329170956461376,-0.7766751644402009
0.15358279567415659,1.329170956461376,-0.7766751644402009
-0.4873865628030697,1.329170956461376,-0.7766751644402009
-0.2823045417422029,1.329170956461376,-0.7766751644402009
-0.6220464839840093,1.329170956461376,-0.7766751644402009
-0.6141797563234362,1.329170956461376,-0.7766751644402009
-1.0314394560909235,1.329170956461376,-0.7766751644402009
-1.1524653961968272,1.329170956461376,-0.7766751644402009
-1.3647839655602365,1.329170956461376,-0.7766751644402009
-1.7210835453236129,1.329170956461376,-0.7766751644402009
-1.125642850343643,1.329170956461376,-0.7766751644402009
-0.9841487013589425,1.329170956461376,-0.7766751644402009
1.7591951126812841,-0.3022319417085016,-0.03463555878590463
1.170337614110159,-0.3022319417085016,-0.03463555878590463
0.843144733330236,-0.3022319417085016,-0.03463555878590463
0.9841046236728558,-2.1486973570409034,-0.7766751644402009
0.6330820257329238,-2.1486973570409034,-0.7766751644402009
0.863335009414489,-2.1486973570409034,-0.7766751644402009
0.4259175361971459,-2.1486973570409034,-0.7766751644402009
0.7504274148570244,-2.1486973570409034,-0.7766751644402009
0.15358279567415659,-2.1486973570409034,-0.7766751644402009
-0.4873865628030697,-2.1486973570409034,-0.7766751644402009
-0.2823045417422029,-2.1486973570409034,-0.7766751644402009
-0.6220464839840093,-2.1486973570409034,-0.7766751644402009
-0.6141797563234362,-2.1486973570409034,-0.7766751644402009
-1.0314394560909235,-2.1486973570409034,-0.7766751644402009
-1.1524653961968272,-2.1486973570409034,-0.7766751644402009
1.7591951126812841,3.2686382093825097,-0.005187004116099955
1.170337614110159,3.2686382093825097,-0.005187004116099955
0.843144733330236,3.2686382093825097,-0.005187004116099955
0.9841046236728558,3.2686382093825097,-0.005187004116099955
0.6330820257329238,3.2686382093825097,-0.005187004116099955
0.863335009414489,3.2686382093825097,-0.005187004116099955
0.4259175361971459,3.2686382093825097,-0.005187004116099955
0.7504274148570244,3.2686382093825097,-0.005187004116099955
0.15358279567415659,3.2686382093825097,-0.005187004116099955
-0.4873865628030697,3.2686382093825097,-0.005187004116099955
-0.6220464839840093,3.2686382093825097,-0.005187004116099955
-0.6141797563234362,3.2686382093825097,-0.005187004116099955
-1.0314394560909235,3.2686382093825097,-0.005187004116099955
-1.1524653961968272,3.2686382093825097,-0.005187004116099955
-1.3647839655602365,3.2686382093825097,-0.005187004116099955
-1.7210835453236129,3.2686382093825097,-0.005187004116099955
-1.125642850343643,3.2686382093825097,-0.005187004116099955
-0.9841487013589425,3.2686382093825097,-0.005187004116099955
1.7591951126812841,1.217383795603329,-0.03463555878590463
1.170337614110159,1.217383795603329,-0.03463555878590463
0.843144733330236,1.217383795603329,-0.03463555878590463
0.9841046236728558,1.217383795603329,-0.03463555878590463
0.6330820257329238,1.217383795603329,-0.03463555878590463
0.863335009414489,1.217383795603329,-0.03463555878590463
1.7591951126812841,3.2686382093825097,-0.03463555878590463
1.170337614110159,3.2686382093825097,-0.03463555878590463
0.843144733330236,3.2686382093825097,-0.03463555878590463
0.9841046236728558,3.2686382093825097,-0.03463555878590463
0.6330820257329238,3.2686382093825097,-0.03463555878590463
0.863335009414489,3.2686382093825097,-0.03463555878590463
0.4259175361971459,3.2686382093825097,-0.03463555878590463
0.7504274148570244,3.2686382093825097,-0.03463555878590463
0.15358279567415659,3.2686382093825097,-0.03463555878590463
-0.4873865628030697,3.2686382093825097,-0.03463555878590463
-0.2823045417422029,3.2686382093825097,-0.03463555878590463
1.170337614110159,3.2367864554880192,0.6532998399206803
0.843144733330236,3.2367864554880192,0.6532998399206803
0.9841046236728558,3.2367864554880192,0.6532998399206803
0.6330820257329238,3.2367864554880192,0.6532998399206803
0.863335009414489,3.2367864554880192,0.6532998399206803
0.4259175361971459,3.2367864554880192,0.6532998399206803
0.7504274148570244,3.2367864554880192,0.6532998399206803
0.15358279567415659,3.2367864554880192,0.6532998399206803
-0.4873865628030697,3.2367864554880192,0.6532998399206803
-0.2823045417422029,3.2367864554880192,0.6532998399206803
1.7591951126812841,2.8826093148779086,-0.7766751644402009
1.170337614110159,2.8826093148779086,-0.7766751644402009
0.843144733330236,2.8826093148779086,-0.7766751644402009
0.9841046236728558,2.8826093148779086,-0.7766751644402009
0.6330820257329238,2.8826093148779086,-0.7766751644402009
0.863335009414489,2.8826093148779086,-0.7766751644402009
0.4259175361971459,2.8826093148779086,-0.7766751644402009
0.7504274148570244,2.8826093148779086,-0.7766751644402009
0.15358279567415659,2.8826093148779086,-0.7766751644402009
-0.4873865628030697,2.8826093148779086,-0.7766751644402009
-0.2823045417422029,2.8826093148779086,-0.7766751644402009
-0.6220464839840093,2.8826093148779086,-0.7766751644402009
-0.6141797563234362,2.8826093148779086,-0.7766751644402009
-1.0314394560909235,2.8826093148779086,-0.7766751644402009
-1.1524653961968272,2.8826093148779086,-0.7766751644402009
-1.3647839655602365,2.8826093148779086,-0.7766751644402009
-1.7210835453236129,2.8826093148779086,-0.7766751644402009
-1.125642850343643,2.8826093148779086,-0.7766751644402009
-0.9841487013589425,2.8826093148779086,-0.7766751644402009
1.7591951126812841,3.2367864554880192,0.695138876917078
1.170337614110159,3.2367864554880192,0.695138876917078
0.843144733330236,3.2367864554880192,0.695138876917078
0.9841046236728558,3.2367864554880192,0.695138876917078
0.6330820257329238,3.2367864554880192,0.695138876917078
0.863335009414489,3.2367864554880192,0.695138876917078
0.4259175361971459,3.2367864554880192,0.695138876917078
0.7504274148570244,3.2367864554880192,0.695138876917078
0.15358279567415659,3.2367864554880192,0.695138876917078
-0.4873865628030697,3.2367864554880192,0.695138876917078
1.170337614110159,-0.3022319417085016,-0.005187004116099955
1.7591951126812841,1.217383795603329,-0.005187004116099955
1.170337614110159,1.217383795603329,-0.005187004116099955
0.843144733330236,1.217383795603329,-0.005187004116099955
0.9841046236728558,1.217383795603329,-0.005187004116099955
0.6330820257329238,1.217383795603329,-0.005187004116099955
0.863335009414489,1.217383795603329,-0.005187004116099955
0.4259175361971459,1.217383795603329,-0.005187004116099955
0.7504274148570244,1.217383795603329,-0.005187004116099955
0.15358279567415659,1.217383795603329,-0.005187004116099955
-0.4873865628030697,1.217383795603329,-0.005187004116099955
-0.2823045417422029,1.217383795603329,-0.005187004116099955
-0.6220464839840093,1.217383795603329,-0.005187004116099955
-0.6141797563234362,1.217383795603329,-0.005187004116099955
-1.0314394560909235,1.217383795603329,-0.005187004116099955
-1.1524653961968272,1.217383795603329,-0.005187004116099955
-1.3647839655602365,1.217383795603329,-0.005187004116099955
-1.7210835453236129,1.217383795603329,-0.005187004116099955
-1.125642850343643,1.217383795603329,-0.005187004116099955
-0.9841487013589425,1.217383795603329,-0.005187004116099955
1.7591951126812841,3.2367864554880192,-0.005187004116099955
1.7591951126812841,1.217383795603329,0.695138876917078
1.170337614110159,1.217383795603329,0.695138876917078
0.843144733330236,1.217383795603329,0.695138876917078
0.9841046236728558,1.217383795603329,0.695138876917078
0.6330820257329238,1.217383795603329,0.695138876917078
0.863335009414489,3.2686382093825097,0.6532998399206803
0.4259175361971459,3.2686382093825097,0.6532998399206803
0.7504274148570244,3.2686382093825097,0.6532998399206803
-0.4873865628030697,3.2686382093825097,0.6532998399206803
-0.6220464839840093,3.2686382093825097,0.6532998399206803
-0.6141797563234362,3.2686382093825097,0.6532998399206803
-1.0314394560909235,3.2686382093825097,0.6532998399206803
-1.1524653961968272,3.2686382093825097,0.6532998399206803
-1.3647839655602365,3.2686382093825097,0.6532998399206803
-1.7210835453236129,3.2686382093825097,0.6532998399206803
-1.125642850343643,3.2686382093825097,0.6532998399206803
-0.9841487013589425,3.2686382093825097,0.6532998399206803
1.7591951126812841,2.8826093148779086,0.4386812773835415
1.170337614110159,2.8826093148779086,0.4386812773835415
0.843144733330236,2.8826093148779086,0.4386812773835415
0.9841046236728558,2.8826093148779086,0.4386812773835415
0.6330820257329238,2.8826093148779086,0.4386812773835415
0.863335009414489,2.8826093148779086,0.4386812773835415
0.4259175361971459,2.8826093148779086,0.4386812773835415
0.7504274148570244,2.8826093148779086,0.4386812773835415
0.15358279567415659,2.8826093148779086,0.4386812773835415
-0.4873865628030697,2.8826093148779086,0.4386812773835415
-0.2823045417422029,2.8826093148779086,0.4386812773835415
-0.6220464839840093,2.8826093148779086,0.4386812773835415
-0.6141797563234362,2.8826093148779086,0.4386812773835415
-1.0314394560909235,2.8826093148779086,0.4386812773835415
-1.1524653961968272,2.8826093148779086,0.4386812773835415
-1.3647839655602365,2.8826093148779086,0.4386812773835415
-1.7210835453236129,2.8826093148779086,0.4386812773835415
-1.125642850343643,2.8826093148779086,0.4386812773835415
-0.9841487013589425,2.8826093148779086,0.4386812773835415
1.7591951126812841,-2.064405414243441,-0.03463555878590463
1.170337614110159,-2.064405414243441,-0.03463555878590463
0.843144733330236,-2.064405414243441,-0.03463555878590463
0.9841046236728558,-2.064405414243441,-0.03463555878590463
0.6330820257329238,-2.064405414243441,-0.03463555878590463
1.7591951126812841,-2.1486973570409034,0.6532998399206803
1.170337614110159,-2.1486973570409034,0.6532998399206803
0.843144733330236,-2.1486973570409034,0.6532998399206803
0.9841046236728558,-2.1486973570409034,0.6532998399206803
0.6330820257329238,-2.1486973570409034,0.6532998399206803
0.863335009414489,-2.1486973570409034,0.6532998399206803
0.4259175361971459,-2.1486973570409034,0.6532998399206803
0.7504274148570244,-2.1486973570409034,0.6532998399206803
0.15358279567415659,-2.1486973570409034,0.6532998399206803
-0.4873865628030697,-2.1486973570409034,0.6532998399206803
-0.2823045417422029,-2.1486973570409034,0.6532998399206803
-0.6220464839840093,-2.1486973570409034,0.6532998399206803
-0.6141797563234362,-2.1486973570409034,0.6532998399206803
-1.0314394560909235,-2.1486973570409034,0.6532998399206803
-1.1524653961968272,-2.1486973570409034,0.6532998399206803
-1.3647839655602365,-2.1486973570409034,0.6532998399206803
-1.7210835453236129,-2.1486973570409034,0.6532998399206803
-1.125642850343643,-2.1486973570409034,0.6532998399206803
-0.9841487013589425,-2.1486973570409034,0.6532998399206803
1.7591951126812841,1.217383795603329,0.4386812773835415
1.170337614110159,1.217383795603329,0.4386812773835415
0.843144733330236,1.217383795603329,0.4386812773835415
0.9841046236728558,1.217383795603329,0.4386812773835415
0.6330820257329238,1.217383795603329,0.4386812773835415
0.863335009414489,1.217383795603329,0.4386812773835415
0.4259175361971459,1.217383795603329,0.4386812773835415
0.7504274148570244,1.217383795603329,0.4386812773835415
0.15358279567415659,1.217383795603329,0.4386812773835415
-0.4873865628030697,1.217383795603329,0.4386812773835415
-0.2823045417422029,1.217383795603329,0.4386812773835415
-0.6220464839840093,1.217383795603329,0.4386812773835415
-0.6141797563234362,1.217383795603329,0.4386812773835415
-1.0314394560909235,1.217383795603329,0.4386812773835415
-1.1524653961968272,1.217383795603329,0.4386812773835415
-1.3647839655602365,1.217383795603329,0.4386812773835415
-1.7210835453236129,1.217383795603329,0.4386812773835415
-1.125642850343643,1.217383795603329,0.4386812773835415
-0.9841487013589425,1.217383795603329,0.4386812773835415
1.7591951126812841,-2.1486973570409034,-0.005187004116099955
1.170337614110159,-2.1486973570409034,-0.005187004116099955
0.843144733330236,-2.1486973570409034,-0.005187004116099955
0.9841046236728558,-2.1486973570409034,-0.005187004116099955
0.6330820257329238,-2.1486973570409034,-0.005187004116099955
0.863335009414489,-2.1486973570409034,-0.005187004116099955
0.4259175361971459,-2.1486973570409034,-0.005187004116099955
0.7504274148570244,-2.1486973570409034,-0.005187004116099955
0.15358279567415659,-2.1486973570409034,-0.005187004116099955
-0.4873865628030697,-2.1486973570409034,-0.005187004116099955
-0.2823045417422029,-2.1486973570409034,-0.005187004116099955
-0.6220464839840093,-2.1486973570409034,-0.005187004116099955
-0.6141797563234362,-2.1486973570409034,-0.005187004116099955
-1.0314394560909235,-2.1486973570409034,-0.005187004116099955
-1.1524653961968272,-2.1486973570409034,-0.005187004116099955
-1.3647839655602365,-2.1486973570409034,-0.005187004116099955
-1.7210835453236129,-2.1486973570409034,-0.005187004116099955
-1.125642850343643,-2.1486973570409034,-0.005187004116099955
-0.9841487013589425,-2.1486973570409034,-0.005187004116099955
-0.6141797563234362,-2.064405414243441,-0.6106573443586001
1.7591951126812841,1.217383795603329,0.4386812773835415
1.170337614110159,1.217383795603329,0.4386812773835415
0.843144733330236,1.217383795603329,0.4386812773835415
0.9841046236728558,1.217383795603329,0.4386812773835415
0.6330820257329238,1.217383795603329,0.4386812773835415
0.863335009414489,1.217383795603329,0.4386812773835415
0.4259175361971459,1.217383795603329,0.4386812773835415
0.7504274148570244,1.217383795603329,0.4386812773835415
0.15358279567415659,1.217383795603329,0.4386812773835415
-0.4873865628030697,1.217383795603329,0.4386812773835415
-0.2823045417422029,1.217383795603329,0.4386812773835415
-0.6220464839840093,1.217383795603329,0.4386812773835415
-0.6141797563234362,1.217383795603329,0.4386812773835415
-1.0314394560909235,1.217383795603329,0.4386812773835415
-1.1524653961968272,1.217383795603329,0.4386812773835415
-1.3647839655602365,1.217383795603329,0.4386812773835415
-1.7210835453236129,1.217383795603329,0.4386812773835415
-1.125642850343643,1.217383795603329,0.4386812773835415
-0.9841487013589425,1.217383795603329,0.4386812773835415
1.7591951126812841,1.217383795603329,-0.7766751644402009
0.843144733330236,1.217383795603329,-0.7766751644402009
0.9841046236728558,1.217383795603329,-0.7766751644402009
0.6330820257329238,1.217383795603329,-0.7766751644402009
0.863335009414489,1.217383795603329,-0.7766751644402009
0.4259175361971459,1.217383795603329,-0.7766751644402009
0.7504274148570244,1.217383795603329,-0.7766751644402009
0.15358279567415659,1.217383795603329,-0.7766751644402009
-0.4873865628030697,1.217383795603329,-0.7766751644402009
-0.2823045417422029,1.217383795603329,-0.7766751644402009
-0.6220464839840093,1.217383795603329,-0.7766751644402009
-0.6141797563234362,1.217383795603329,-0.7766751644402009
-1.0314394560909235,1.217383795603329,-0.7766751644402009
-1.1524653961968272,1.217383795603329,-0.7766751644402009
-1.3647839655602365,1.217383795603329,-0.7766751644402009
-1.7210835453236129,1.217383795603329,-0.7766751644402009
-1.125642850343643,1.217383795603329,-0.7766751644402009
-0.9841487013589425,1.217383795603329,-0.7766751644402009
1.170337614110159,-2.064405414243441,-0.005187004116099955
0.843144733330236,-2.064405414243441,-0.005187004116099955
0.9841046236728558,-2.064405414243441,-0.005187004116099955
0.6330820257329238,-2.064405414243441,-0.005187004116099955
0.863335009414489,-2.064405414243441,-0.005187004116099955
0.4259175361971459,-2.064405414243441,-0.005187004116099955
0.7504274148570244,-2.064405414243441,-0.005187004116099955
0.15358279567415659,-2.064405414243441,-0.005187004116099955
-0.4873865628030697,-2.064405414243441,-0.005187004116099955
-0.2823045417422029,-2.064405414243441,-0.005187004116099955
-0.6220464839840093,-2.064405414243441,-0.005187004116099955
-0.6141797563234362,-2.064405414243441,-0.005187004116099955
-1.0314394560909235,-2.064405414243441,-0.005187004116099955
-1.1524653961968272,-2.064405414243441,-0.005187004116099955
-1.3647839655602365,-2.064405414243441,-0.005187004116099955
-1.7210835453236129,-2.064405414243441,-0.005187004116099955
-1.125642850343643,-2.064405414243441,-0.005187004116099955
-0.9841487013589425,-2.064405414243441,-0.005187004116099955
1.170337614110159,3.2686382093825097,-0.7766751644402009
0.843144733330236,3.2686382093825097,-0.7766751644402009
0.9841046236728558,3.2686382093825097,-0.7766751644402009
0.6330820257329238,3.2686382093825097,-0.7766751644402009
0.7504274148570244,3.2686382093825097,-0.7766751644402009
0.15358279567415659,3.2686382093825097,-0.7766751644402009
-0.4873865628030697,3.2686382093825097,-0.7766751644402009
-0.2823045417422029,3.2686382093825097,-0.7766751644402009
-0.6220464839840093,3.2686382093825097,-0.7766751644402009
-0.6141797563234362,3.2686382093825097,-0.7766751644402009
-1.1524653961968272,3.2686382093825097,-0.7766751644402009
-1.3647839655602365,3.2686382093825097,-0.7766751644402009
-1.7210835453236129,3.2686382093825097,-0.7766751644402009
-1.125642850343643,3.2686382093825097,-0.7766751644402009
-0.9841487013589425,3.2686382093825097,-0.7766751644402009
0.9841046236728558,-1.684699017120388,-0.005187004116099955
0.6330820257329238,-1.684699017120388,-0.005187004116099955
0.863335009414489,-1.684699017120388,-0.005187004116099955
0.4259175361971459,-1.684699017120388,-0.005187004116099955
0.7504274148570244,-1.684699017120388,-0.005187004116099955
0.15358279567415659,-1.684699017120388,-0.005187004116099955
-0.4873865628030697,-1.684699017120388,-0.005187004116099955
-0.2823045417422029,-1.684699017120388,-0.005187004116099955
-0.6220464839840093,-1.684699017120388,-0.005187004116099955
-0.6141797563234362,-1.684699017120388,-0.005187004116099955
-1.0314394560909235,-1.684699017120388,-0.005187004116099955
-1.1524653961968272,-1.684699017120388,-0.005187004116099955
-1.3647839655602365,-1.684699017120388,-0.005187004116099955
-1.7210835453236129,-1.684699017120388,-0.005187004116099955
-1.125642850343643,-1.684699017120388,-0.005187004116099955
-0.9841487013589425,-1.684699017120388,-0.005187004116099955
0.863335009414489,-2.064405414243441,0.6532998399206803
0.4259175361971459,-2.064405414243441,0.6532998399206803
0.7504274148570244,-2.064405414243441,0.6532998399206803
0.15358279567415659,-2.064405414243441,0.6532998399206803
-0.4873865628030697,-2.064405414243441,0.6532998399206803
-0.2823045417422029,-2.064405414243441,0.6532998399206803
-0.6141797563234362,-2.064405414243441,0.6532998399206803
-1.0314394560909235,-2.064405414243441,0.6532998399206803
-1.3647839655602365,-2.064405414243441,0.6532998399206803
-1.7210835453236129,-2.064405414243441,0.6532998399206803
-1.125642850343643,-2.064405414243441,0.6532998399206803
-0.9841487013589425,-2.064405414243441,0.6532998399206803
1.7591951126812841,-0.3022319417085016,-0.03463555878590463
1.170337614110159,-0.3022319417085016,-0.03463555878590463
0.843144733330236,-0.3022319417085016,-0.03463555878590463
0.9841046236728558,-0.3022319417085016,-0.03463555878590463
0.6330820257329238,-0.3022319417085016,-0.03463555878590463
0.863335009414489,-0.3022319417085016,-0.03463555878590463
0.4259175361971459,-0.3022319417085016,-0.03463555878590463
0.7504274148570244,-0.3022319417085016,-0.03463555878590463
0.15358279567415659,-0.3022319417085016,-0.03463555878590463
-0.4873865628030697,-0.3022319417085016,-0.03463555878590463
-0.2823045417422029,-0.3022319417085016,-0.03463555878590463
-0.6220464839840093,-0.3022319417085016,-0.03463555878590463
-0.6141797563234362,-0.3022319417085016,-0.03463555878590463
-1.1524653961968272,-0.3022319417085016,-0.03463555878590463
-1.3647839655602365,-0.3022319417085016,-0.03463555878590463
-1.7210835453236129,-0.3022319417085016,-0.03463555878590463
1.7591951126812841,-2.1486973570409034,0.4386812773835415
1.170337614110159,-2.1486973570409034,0.4386812773835415
0.843144733330236,-2.1486973570409034,0.4386812773835415
0.9841046236728558,-2.1486973570409034,0.4386812773835415
0.6330820257329238,-2.1486973570409034,0.4386812773835415
0.863335009414489,-2.1486973570409034,0.4386812773835415
0.4259175361971459,-2.1486973570409034,0.4386812773835415
0.7504274148570244,-2.1486973570409034,0.4386812773835415
0.15358279567415659,-2.1486973570409034,0.4386812773835415
-0.4873865628030697,-2.1486973570409034,0.4386812773835415
-0.2823045417422029,-2.1486973570409034,0.4386812773835415
-0.6220464839840093,-2.1486973570409034,0.4386812773835415
-0.6141797563234362,-2.1486973570409034,0.4386812773835415
-1.0314394560909235,-2.1486973570409034,0.4386812773835415
-1.1524653961968272,-2.1486973570409034,0.4386812773835415
-1.3647839655602365,-2.1486973570409034,0.4386812773835415
-1.7210835453236129,-2.1486973570409034,0.4386812773835415
-1.125642850343643,-2.1486973570409034,0.4386812773835415
-0.9841487013589425,-2.1486973570409034,0.4386812773835415
